"Time","dev-k8s-lc869-01","dev-k8s-lc869-02","dev-k8s-lc869-03","dev-k8s-lc869-04","dev-k8s-lc869-05","dev-k8s-lc869-06","dev-k8s-lc869-07","dev-k8s-lc869-08","dev-k8s-lc869-09","dev-k8s-lc869-10","dev-k8s-lc869-11","dev-k8s-lc869-12","dev-k8s-lc869-13","dev-k8s-lc869-14","dev-k8s-lc869-15","dev-k8s-lc869-16","dev-k8s-lc869-17","dev-k8s-lc869-18","dev-k8s-lc869-19"
1748387469000,1,1,1,1,1,1,1,1,1,1,1,1,1,1,1,1,1,1,1
1748387470000,1,1,1,1,1,1,1,1,1,1,1,1,1,1,1,1,1,1,1
1748387471000,1,1,1,1,1,1,1,1,1,1,1,1,1,1,1,1,1,1,1
1748387472000,1,1,1,1,1,1,1,1,1,1,1,1,1,1,1,1,1,1,1
1748387473000,1,1,1,1,1,1,1,1,1,1,1,1,1,1,1,1,1,1,1
1748387474000,1,1,1,1,1,1,1,1,1,1,1,1,1,1,1,1,1,1,1
1748387475000,1,1,1,1,1,1,1,1,1,1,1,1,1,1,1,1,1,1,1
1748387476000,1,1,1,1,1,1,1,1,1,1,1,1,1,1,1,1,1,1,1
1748387477000,1,1,1,1,1,1,1,1,1,1,1,1,1,1,1,1,1,1,1
1748387478000,1,1,1,1,1,1,1,1,1,1,1,1,1,1,1,1,1,1,1
1748387479000,1,1,1,1,1,1,1,1,1,1,1,1,1,1,1,1,1,1,1
1748387480000,1,1,1,1,1,1,1,2,1,1,1,1,1,1,1,1,1,1,1
1748387481000,1,1,1,2,2,1,2,2,2,1,2,1,1,1,1,1,1,2,1
1748387482000,1,2,1,2,2,1,2,2,2,3,2,1,1,1,1,1,3,2,1
1748387483000,3,2,1,2,2,1,2,2,2,3,2,1,1,3,1,3,3,2,1
1748387484000,3,2,3,2,2,3,2,2,2,3,2,3,3,3,3,3,3,2,3
1748387485000,3,2,3,2,2,3,2,3,2,3,2,3,3,3,3,3,3,2,3
1748387486000,3,2,3,3,3,3,3,3,3,3,3,3,3,3,3,3,3,3,3
1748387487000,3,3,3,3,3,3,3,3,3,4,3,3,3,3,3,3,3,3,3
1748387488000,3,3,3,3,3,3,3,3,3,4,3,3,3,4,3,3,3,3,3
1748387489000,3,3,3,3,3,3,3,3,3,4,3,3,3,4,3,3,3,3,3
1748387490000,3,3,3,3,3,3,3,3,3,4,3,3,3,4,3,3,3,3,3
1748387491000,3,3,3,3,3,3,3,3,3,4,3,3,3,4,3,3,3,3,3
1748387492000,3,3,3,3,3,3,3,3,3,4,3,3,3,4,3,3,3,3,3
1748387493000,3,3,3,3,3,3,3,3,3,4,3,3,3,4,3,3,3,3,3
1748387494000,3,3,3,3,3,3,3,3,3,4,3,3,3,4,3,3,3,3,3
1748387495000,3,3,3,3,3,3,3,3,3,4,3,3,3,4,3,3,3,3,3
1748387496000,3,3,3,3,3,3,3,3,3,4,3,3,3,4,3,3,3,3,3
1748387497000,3,3,3,3,3,3,3,3,3,4,3,3,3,4,3,3,3,3,3
1748387498000,3,3,3,3,3,3,3,3,3,4,3,3,3,4,3,3,3,3,3
1748387499000,3,3,3,3,3,3,3,3,3,4,3,3,3,4,3,3,3,3,3
1748387500000,3,3,3,3,3,3,3,3,3,4,3,3,3,4,3,3,3,3,3
1748387501000,3,3,3,3,3,3,3,3,3,4,3,3,3,4,3,3,3,3,3
1748387502000,3,3,3,3,3,3,3,3,3,4,3,3,3,4,3,3,3,3,3
1748387503000,3,3,3,3,3,3,3,3,3,4,3,3,3,4,3,3,3,3,3
1748387504000,3,3,3,3,3,3,3,3,3,4,3,3,3,4,3,3,3,3,3
1748387505000,3,3,3,3,3,3,3,3,3,4,3,3,3,4,3,3,3,3,3
1748387506000,3,3,3,3,3,3,3,3,3,4,3,3,3,4,3,3,3,3,3
1748387507000,3,3,3,3,3,3,3,3,3,4,3,3,3,4,3,3,3,3,3
1748387508000,3,3,3,3,3,3,3,3,3,4,3,3,3,4,3,3,3,3,3
1748387509000,3,3,3,3,3,3,3,3,3,4,3,3,3,4,3,3,3,3,3
1748387510000,3,3,3,3,3,3,3,3,3,4,3,3,3,4,3,3,3,3,3
1748387511000,3,3,3,3,3,3,3,3,3,4,3,3,3,4,3,3,3,3,3
1748387512000,3,3,3,3,3,3,3,3,3,4,3,3,3,4,3,3,3,3,3
1748387513000,3,3,3,3,3,3,3,3,3,4,3,3,3,4,3,3,3,3,3
1748387514000,3,3,3,3,3,3,3,3,3,4,3,3,3,4,3,3,3,3,3
1748387515000,3,3,3,3,3,3,3,3,3,4,3,3,3,4,3,3,3,3,3
1748387516000,3,3,3,3,3,3,3,3,3,4,3,3,3,4,3,3,3,3,3
1748387517000,3,3,3,3,3,3,3,3,3,4,3,3,3,4,3,3,3,3,3
1748387518000,3,3,3,3,3,3,3,3,3,4,3,3,3,4,3,3,3,3,3
1748387519000,3,3,3,3,3,3,3,3,3,4,3,3,3,4,3,3,3,3,3
1748387520000,3,3,3,3,3,3,3,3,3,4,3,3,3,4,3,3,3,3,3
1748387521000,3,3,3,3,3,3,3,3,3,4,3,3,3,4,3,3,3,3,3
1748387522000,3,3,3,3,3,3,3,3,3,4,3,3,3,4,3,3,3,3,3
1748387523000,3,3,3,3,3,3,3,3,3,4,3,3,3,4,3,3,3,3,3
1748387524000,3,3,3,3,3,3,3,3,3,4,3,3,3,4,3,3,3,3,3
1748387525000,3,3,3,3,3,3,3,3,3,4,3,3,3,4,3,3,3,3,3
1748387526000,3,3,3,3,3,3,3,3,3,4,3,3,3,4,3,3,3,3,3
1748387527000,3,3,3,3,3,3,3,3,3,4,3,3,3,4,3,3,3,3,3
1748387528000,3,3,3,3,3,3,3,3,3,4,3,3,3,4,3,3,3,3,3
1748387529000,3,3,3,3,3,3,3,3,3,4,3,3,3,4,3,3,3,3,3
1748387530000,3,3,3,3,3,3,3,3,3,4,3,3,3,4,3,3,3,3,3
1748387531000,3,3,3,3,3,3,3,3,3,4,3,3,3,4,3,3,3,3,3
1748387532000,3,3,3,3,3,3,3,3,3,4,3,3,3,4,3,3,3,3,3
1748387533000,3,3,3,3,3,3,3,3,3,4,3,3,3,4,3,3,3,3,3
1748387534000,3,3,3,3,3,3,3,3,3,4,3,3,3,4,3,3,3,3,3
1748387535000,3,3,3,3,3,3,3,3,3,4,3,3,3,4,3,3,3,3,3
1748387536000,3,3,3,3,3,3,3,3,3,4,3,3,3,4,3,3,3,3,3
1748387537000,3,3,3,3,3,3,3,3,3,4,3,3,3,4,3,3,3,3,3
1748387538000,3,3,3,3,3,3,3,3,3,4,3,3,3,4,3,3,3,3,3
1748387539000,3,3,3,3,3,3,3,3,3,4,3,3,3,4,3,3,3,3,3
1748387540000,3,3,3,3,3,3,3,3,3,4,3,3,3,4,3,3,3,3,3
1748387541000,3,3,3,3,3,3,3,3,3,4,3,3,3,4,3,3,3,2,3
1748387542000,3,3,3,3,3,3,3,3,3,4,3,3,3,4,3,3,3,2,3
1748387543000,3,3,3,3,3,3,3,3,3,4,3,3,3,4,3,3,3,2,3
1748387544000,3,3,2,3,3,3,3,3,3,4,3,3,3,4,2,3,3,2,3
1748387545000,3,3,2,3,3,3,3,3,3,4,3,3,3,4,2,3,3,2,3
1748387546000,3,3,2,3,2,3,2,3,3,4,2,3,3,4,2,3,3,3,3
1748387547000,3,3,2,3,2,3,2,3,3,4,2,3,3,4,2,3,3,3,3
1748387548000,3,3,2,3,2,3,2,3,3,4,2,3,3,4,2,3,3,3,3
1748387549000,3,3,3,3,2,3,2,3,3,4,2,3,2,4,3,3,3,3,3
1748387550000,3,3,3,3,2,3,2,3,3,4,2,3,2,4,3,3,3,3,3
1748387551000,3,3,3,3,3,3,3,3,3,4,3,3,2,4,3,3,3,3,3
1748387552000,3,3,3,3,3,3,3,3,3,4,3,3,2,4,3,3,2,3,3
1748387553000,3,3,3,3,3,3,3,3,3,4,3,3,2,4,3,2,2,3,3
1748387554000,3,3,4,3,3,3,3,3,3,4,3,3,2,4,3,2,2,3,2
1748387555000,3,3,4,3,3,3,3,3,3,4,3,3,2,4,3,2,2,3,2
1748387556000,3,3,4,2,3,3,3,3,3,4,3,3,2,4,3,2,2,3,2
1748387557000,3,3,4,2,3,3,3,3,3,4,3,3,2,4,3,2,2,3,2
1748387558000,3,3,4,2,3,3,3,3,3,4,3,3,2,4,3,1,2,3,2
1748387559000,3,3,4,2,3,2,3,3,3,4,3,3,2,4,3,1,2,3,2
1748387560000,3,3,4,2,3,2,3,3,3,4,3,3,2,4,3,1,2,3,2
1748387561000,3,3,4,3,3,2,3,3,3,4,3,3,2,4,3,1,2,3,2
1748387562000,3,3,4,3,3,2,3,3,3,4,3,3,2,4,3,1,3,3,2
1748387563000,3,3,4,3,3,2,3,3,3,4,3,3,2,4,3,2,3,3,2
1748387564000,3,3,4,3,3,3,3,3,3,4,3,3,2,4,3,2,3,3,2
1748387565000,3,3,4,3,3,3,3,3,3,4,3,3,2,4,3,2,3,3,2
1748387566000,3,3,4,3,3,3,3,3,3,4,3,3,2,4,3,2,3,3,2
1748387567000,3,3,4,3,3,3,3,3,3,4,3,3,2,4,3,2,3,3,2
1748387568000,3,3,4,3,3,3,3,3,3,4,3,3,2,4,3,2,3,3,2
1748387569000,3,3,4,3,3,3,3,3,3,4,3,3,2,4,3,2,3,3,2
1748387570000,3,3,4,3,3,3,3,3,3,4,3,3,2,4,3,2,3,3,2
1748387571000,3,3,4,3,3,3,3,3,3,4,3,3,2,4,3,2,3,3,2
1748387572000,3,3,4,3,3,3,3,3,3,3,3,3,2,4,3,2,3,3,2
1748387573000,3,3,4,3,3,3,3,3,3,3,3,3,2,3,3,2,3,3,2
1748387574000,3,3,4,3,3,3,3,3,3,3,3,3,3,3,3,2,3,3,2
1748387575000,3,3,4,3,3,3,3,3,3,3,3,3,3,3,3,2,3,3,2
1748387576000,3,3,4,3,3,3,3,3,3,3,3,3,3,3,3,2,3,3,2
1748387577000,3,3,4,3,3,3,3,3,3,1,3,3,3,3,3,2,3,3,2
1748387578000,3,3,4,3,3,3,3,3,3,1,3,3,3,3,3,2,3,3,2
1748387579000,3,3,4,3,3,3,3,3,3,1,3,3,3,3,3,2,3,3,2
1748387580000,3,3,4,3,3,3,3,3,3,1,3,3,3,3,3,2,3,3,2
1748387581000,3,3,4,3,3,3,3,3,3,1,3,3,3,3,3,2,3,3,2
1748387582000,3,3,4,3,3,3,3,3,3,2,3,3,3,3,3,2,3,3,2
1748387583000,3,3,4,3,3,3,3,3,3,2,3,3,3,3,3,3,3,3,2
1748387584000,3,3,4,3,3,3,3,3,3,2,3,3,3,3,3,3,3,3,3
1748387585000,3,3,4,3,3,3,3,3,3,2,3,3,3,3,3,3,3,3,3
1748387586000,3,3,4,3,3,3,3,3,3,2,3,3,3,3,3,3,3,3,3
1748387587000,3,3,4,3,3,3,3,3,3,3,3,3,3,3,3,3,3,3,3
1748387588000,3,3,4,3,3,3,3,3,3,3,3,3,3,3,3,3,3,3,3
1748387589000,3,3,4,3,3,3,3,3,3,3,3,3,3,3,3,3,3,3,3
1748387590000,3,3,4,3,3,3,3,3,3,3,3,3,3,3,3,3,3,3,3
1748387591000,3,3,4,3,3,3,3,3,3,3,3,3,3,3,3,3,3,3,3
1748387592000,3,3,4,3,3,3,3,3,3,3,3,3,3,3,3,3,3,3,3
1748387593000,3,3,4,3,3,3,3,3,3,3,3,3,3,3,3,3,3,3,3
1748387594000,3,3,4,3,3,3,3,3,3,3,3,3,3,3,3,3,3,3,3
1748387595000,3,3,4,3,3,3,3,3,3,3,3,3,3,3,3,3,3,3,3
1748387596000,3,3,4,3,3,3,3,3,3,3,3,3,3,3,3,3,3,3,3
1748387597000,3,3,4,3,3,3,3,3,3,3,3,3,3,3,3,3,3,3,3
1748387598000,3,3,4,3,3,3,3,3,3,3,3,3,3,3,3,3,3,3,3
1748387599000,3,3,4,3,3,3,3,3,3,3,3,3,3,3,3,3,3,3,3
1748387600000,3,3,4,3,3,3,3,3,3,3,3,3,3,3,3,3,3,3,3
1748387601000,3,3,4,3,3,3,3,3,3,3,3,3,3,3,3,3,3,2,3
1748387602000,3,3,4,3,3,3,3,3,3,3,3,3,3,3,3,3,3,2,3
1748387603000,3,3,4,3,3,3,3,3,3,3,3,3,3,3,3,3,3,2,3
1748387604000,3,3,4,3,3,3,3,3,3,3,3,3,3,3,3,3,3,2,3
1748387605000,3,3,4,3,3,3,3,3,3,3,3,3,3,3,3,3,3,2,3
1748387606000,3,3,4,2,3,3,1,3,2,3,1,3,3,3,3,3,3,2,3
1748387607000,3,2,4,2,3,3,1,3,2,3,1,3,3,3,3,3,3,2,3
1748387608000,3,2,4,2,3,3,1,3,2,3,1,3,3,3,3,3,3,2,3
1748387609000,3,2,4,2,3,2,1,3,2,3,1,2,2,3,2,3,3,2,3
1748387610000,3,2,4,2,3,2,1,3,2,3,1,2,2,3,2,3,3,2,3
1748387611000,3,2,4,3,3,2,2,3,2,3,2,2,2,3,2,3,3,2,3
1748387612000,3,2,4,3,3,2,2,3,2,3,2,2,2,3,2,3,3,2,3
1748387613000,3,2,4,3,3,2,2,3,2,3,2,2,2,3,2,3,3,2,3
1748387614000,3,2,4,3,3,3,2,3,2,3,2,2,3,3,2,3,3,2,3
1748387615000,3,2,4,3,3,3,2,2,2,3,2,2,3,3,2,3,3,2,3
1748387616000,3,2,4,3,2,3,2,2,2,3,2,2,3,3,2,3,3,1,3
1748387617000,3,2,4,3,2,3,2,2,2,3,2,2,3,3,2,3,2,1,3
1748387618000,3,2,4,3,2,3,2,2,2,3,2,2,3,3,2,3,2,1,3
1748387619000,3,2,4,3,2,2,2,2,2,3,2,2,3,3,2,3,2,1,2
1748387620000,3,2,4,3,2,2,2,2,2,3,2,2,3,3,2,3,2,1,2
1748387621000,3,2,4,2,2,2,2,2,2,3,2,2,3,3,2,3,2,2,2
1748387622000,3,2,4,2,2,2,2,2,2,3,2,2,3,3,2,3,2,2,2
1748387623000,3,2,4,2,2,2,2,2,2,3,2,2,3,3,2,4,2,2,2
1748387624000,3,2,4,2,2,3,2,2,2,3,2,2,3,3,2,4,2,2,3
1748387625000,3,2,4,2,2,3,2,1,2,3,2,2,3,3,2,4,2,2,3
1748387626000,3,2,4,3,2,3,2,1,2,3,2,2,3,3,2,4,2,2,3
1748387627000,3,3,4,3,2,3,2,1,2,3,2,2,3,3,2,4,1,2,3
1748387628000,3,3,4,3,2,3,2,1,2,3,2,2,3,3,2,3,1,2,3
1748387629000,3,3,1,3,2,3,2,1,2,3,2,2,3,3,2,3,1,2,3
1748387630000,3,3,1,3,2,3,2,1,2,3,2,2,3,3,2,3,1,2,3
1748387631000,3,3,1,3,2,3,2,1,2,3,2,2,3,3,2,3,1,2,3
1748387632000,3,3,1,3,2,3,2,1,2,3,2,2,3,3,2,3,1,2,3
1748387633000,3,3,1,3,2,3,2,1,2,3,2,2,3,3,2,3,1,2,3
1748387634000,3,3,2,3,2,3,2,1,2,3,2,2,2,3,2,3,1,2,3
1748387635000,3,3,2,3,2,3,2,2,2,3,2,2,2,3,2,3,1,2,3
1748387636000,3,3,2,3,2,3,2,2,2,3,2,2,2,3,2,3,1,2,3
1748387637000,3,3,2,3,2,3,2,2,2,3,2,2,2,3,2,3,2,2,3
1748387638000,3,3,2,3,2,3,2,2,2,3,2,2,2,2,2,3,2,2,3
1748387639000,3,3,2,3,2,3,2,2,2,3,2,2,2,2,2,3,2,2,3
1748387640000,3,3,2,3,2,3,2,2,2,3,2,2,2,2,2,3,2,2,3
1748387641000,3,3,2,3,2,3,1,2,2,3,2,2,2,2,2,3,2,2,3
1748387642000,3,3,2,3,2,3,1,2,2,3,2,2,2,2,2,3,2,2,3
1748387643000,3,3,2,3,2,3,1,2,2,3,2,2,2,1,2,3,2,2,3
1748387644000,3,3,2,3,2,3,1,2,2,3,2,1,2,1,1,3,2,2,2
1748387645000,3,3,2,3,2,3,1,2,2,3,2,1,2,1,1,3,2,2,2
1748387646000,3,3,2,3,2,3,1,2,1,3,1,1,2,1,1,3,2,2,2
1748387647000,3,3,2,3,2,3,1,2,1,3,1,1,2,1,1,3,2,2,2
1748387648000,2,3,2,3,2,3,1,2,1,3,1,1,2,1,1,2,2,2,2
1748387649000,2,3,2,3,2,3,1,2,1,3,1,1,2,1,1,2,2,2,2
1748387650000,2,3,2,3,2,3,1,2,1,3,1,1,2,1,1,2,2,2,2
1748387651000,2,3,2,3,1,3,1,2,1,3,1,1,2,1,1,2,2,2,2
1748387652000,2,3,2,3,1,3,1,2,1,1,1,1,2,1,1,2,2,2,2
1748387653000,2,3,2,3,1,3,1,2,1,1,1,1,2,1,1,2,2,2,2
1748387654000,2,3,2,3,1,3,1,2,1,1,1,1,1,1,1,2,2,2,2
1748387655000,2,3,2,3,1,3,1,2,1,1,1,1,1,1,1,2,2,2,2
1748387656000,2,3,2,3,1,3,1,2,1,1,1,1,1,1,1,2,2,1,2
1748387657000,2,3,2,3,1,3,1,2,1,1,1,1,1,1,1,2,2,1,2
1748387658000,2,3,2,3,1,3,1,2,1,1,1,1,1,1,1,2,2,1,2
1748387659000,2,3,2,3,1,3,1,2,1,1,1,1,1,1,1,2,2,1,2
1748387660000,2,3,2,3,1,3,1,2,1,1,1,1,1,1,1,2,2,1,2
1748387661000,2,3,2,3,1,3,1,2,1,1,1,1,1,1,1,2,2,1,2
1748387662000,2,1,2,3,1,3,1,2,1,1,1,1,1,1,1,2,1,1,2
1748387663000,1,1,2,3,1,3,1,2,1,1,1,1,1,1,1,1,1,1,2
1748387664000,1,1,1,3,1,2,1,2,1,1,1,1,1,1,1,1,1,1,1
1748387665000,1,1,1,3,1,2,1,1,1,1,1,1,1,1,1,1,1,1,1
1748387666000,1,1,1,1,1,2,1,1,1,1,1,1,1,1,1,1,1,1,1
1748387667000,1,1,1,1,1,2,1,1,1,1,1,1,1,1,1,1,1,1,1
1748387668000,1,1,1,1,1,2,1,1,1,1,1,1,1,1,1,1,1,1,1
1748387669000,1,1,1,1,1,1,1,1,1,1,1,1,1,1,1,1,1,1,1
1748387670000,1,1,1,1,1,1,1,1,1,1,1,1,1,1,1,1,1,1,1
1748387671000,1,1,1,1,1,1,1,1,1,1,1,1,1,1,1,1,1,1,1
1748387672000,1,1,1,1,1,1,1,1,1,1,1,1,1,1,1,1,1,1,1
1748387673000,1,1,1,1,1,1,1,1,1,1,1,1,1,1,1,1,1,1,1
1748387674000,1,1,1,1,1,1,1,1,1,1,1,1,1,1,1,1,1,1,1
1748387675000,1,1,1,1,1,1,1,1,1,1,1,1,1,1,1,1,1,1,1
1748387676000,1,1,1,1,1,1,1,1,1,1,1,1,1,1,1,1,1,1,1
1748387677000,1,1,1,1,1,1,1,1,1,1,1,1,1,1,1,1,1,1,1
1748387678000,1,1,1,1,1,1,1,1,1,1,1,1,1,1,1,1,1,1,1
1748387679000,1,1,1,1,1,1,1,1,1,1,1,1,1,1,1,1,1,1,1
1748387680000,1,1,1,1,1,1,1,1,1,1,1,1,1,1,1,1,1,1,1
1748387681000,1,1,1,1,1,1,1,1,1,1,1,1,1,1,1,1,1,1,1